from_record_id,from_data_source,to_record_id,to_data_source,relationship_role,rel_type,from_date,thru_date
7584591804488095167,OOR,10094521532396971848,OOR,shareholding 75% 100%,INFLUENCE,2020-03-18,2020-04-29
7584591804488095167,OOR,10094521532396971848,OOR,voting_rights 75% 100%,INFLUENCE,2020-03-18,2020-04-29
7584591804488095167,OOR,10094521532396971848,OOR,appointment_of_board,INFLUENCE,2020-03-18,2020-04-29
598161773989218568,OOR,10165632722354515453,OOR,shareholding 75% 100%,INFLUENCE,2019-08-20,
598161773989218568,OOR,10165632722354515453,OOR,voting_rights 75% 100%,INFLUENCE,2019-08-20,
598161773989218568,OOR,10165632722354515453,OOR,appointment_of_board,INFLUENCE,2019-08-20,
3763382290790851491,OOR,10503886662016933171,OOR,shareholding 75% 100%,INFLUENCE,2019-10-06,
3763382290790851491,OOR,10503886662016933171,OOR,voting_rights 75% 100%,INFLUENCE,2019-10-06,
3763382290790851491,OOR,10503886662016933171,OOR,appointment_of_board,INFLUENCE,2019-10-06,
2751240501969147355,OOR,10503886662016933171,OOR,shareholding 75% 100%,INFLUENCE,2017-08-08,2019-10-06
2751240501969147355,OOR,10503886662016933171,OOR,voting_rights 75% 100%,INFLUENCE,2017-08-08,2019-10-06
2751240501969147355,OOR,10503886662016933171,OOR,appointment_of_board,INFLUENCE,2017-08-08,2019-10-06
17442604499991911772,OOR,10540071752248991376,OOR,shareholding 75% 100%,INFLUENCE,2020-02-14,
9354929650456291787,OOR,10540071752248991376,OOR,shareholding 75% 100%,INFLUENCE,2020-02-14,2020-02-14
2087520660127443298,OOR,10540071752248991376,OOR,shareholding 25% 50%,INFLUENCE,2016-04-06,2020-02-14
2087520660127443298,OOR,10540071752248991376,OOR,voting_rights 25% 50%,INFLUENCE,2016-04-06,2020-02-14
445457919570539265,OOR,10540071752248991376,OOR,shareholding 25% 50%,INFLUENCE,2016-04-06,2020-02-14
445457919570539265,OOR,10540071752248991376,OOR,voting_rights 25% 50%,INFLUENCE,2016-04-06,2020-02-14
12021448655414204594,OOR,10572239874396124657,OOR,other_influence_or_control,INFLUENCE,2019-05-23,
11080898759010500830,OOR,108399079701328104,OOR,other_influence_or_control,INFLUENCE,2020-04-14,2021-02-08
287957459314169360,OOR,108399079701328104,OOR,other_influence_or_control,INFLUENCE,2020-04-14,
14539919002816935048,OOR,108399079701328104,OOR,other_influence_or_control,INFLUENCE,2021-03-22,
11318760569640528037,OOR,108399079701328104,OOR,other_influence_or_control,INFLUENCE,2022-06-01,2022-12-08
14860190858873069604,OOR,108399079701328104,OOR,other_influence_or_control,INFLUENCE,2016-04-08,2020-04-28
11447518046995452174,OOR,108399079701328104,OOR,other_influence_or_control,INFLUENCE,2016-04-08,2020-04-28
17181306514177266791,OOR,108399079701328104,OOR,other_influence_or_control,INFLUENCE,2016-04-08,2019-04-01
3460841525290798642,OOR,108399079701328104,OOR,other_influence_or_control,INFLUENCE,2023-09-01,
697245923305352330,OOR,10863194182370132172,OOR,shareholding 75% 100%,INFLUENCE,2020-06-24,
18285099622095687419,OOR,10863194182370132172,OOR,shareholding 25% 50%,INFLUENCE,2016-04-06,2020-06-24
15254868193339173506,OOR,10863194182370132172,OOR,shareholding 25% 50%,INFLUENCE,2016-04-06,2020-06-24
592387812503017119,OOR,10863194182370132172,OOR,shareholding 25% 50%,INFLUENCE,2016-04-06,2020-06-24
9804962726081206950,OOR,10918961621026059809,OOR,voting_rights 75% 100%,INFLUENCE,2020-03-17,
9804962726081206950,OOR,10918961621026059809,OOR,rights_to_surplus_assets_on_dissolution,INFLUENCE,2020-03-17,
9804962726081206950,OOR,10918961621026059809,OOR,appointment_of_board,INFLUENCE,2020-03-17,
8336662960845411280,OOR,10982706004624874287,OOR,shareholding 10%,INFLUENCE,2018-10-30,
8336662960845411280,OOR,10982706004624874287,OOR,voting_rights 100%,INFLUENCE,2018-10-30,
953272446376371596,OOR,10982706004624874287,OOR,shareholding 30%,INFLUENCE,2019-09-26,
5070572028120081385,OOR,10982706004624874287,OOR,shareholding 30%,INFLUENCE,2019-09-26,
5508160201904175094,OOR,10982706004624874287,OOR,shareholding 30%,INFLUENCE,2019-09-26,
16845748640432210076,OOR,11052943086044963146,OOR,voting_rights 25% 50%,INFLUENCE,2018-08-09,2018-08-09
1493520756170812697,OOR,11052943086044963146,OOR,voting_rights 25% 50%,INFLUENCE,2018-08-09,2018-08-09
14170996204032741908,OOR,11052943086044963146,OOR,shareholding 75% 100%,INFLUENCE,2018-08-09,2019-08-08
14170996204032741908,OOR,11052943086044963146,OOR,voting_rights 75% 100%,INFLUENCE,2018-08-09,2019-08-08
14170996204032741908,OOR,11052943086044963146,OOR,appointment_of_board,INFLUENCE,2018-08-09,2019-08-08
8000462878426801249,OOR,11114103575454364723,OOR,shareholding 25%,INFLUENCE,2023-10-18,
8000462878426801249,OOR,11114103575454364723,OOR,voting_rights 25%,INFLUENCE,2023-10-18,
2649240874962386578,OOR,11114103575454364723,OOR,shareholding 60%,INFLUENCE,2022-05-25,
2649240874962386578,OOR,11114103575454364723,OOR,voting_rights 60%,INFLUENCE,2022-05-25,
206302394134221343,OOR,11116055736536205571,OOR,shareholding 10%,INFLUENCE,2017-09-01,
206302394134221343,OOR,11116055736536205571,OOR,voting_rights 10%,INFLUENCE,2017-09-01,
14289897056727903407,OOR,11116055736536205571,OOR,shareholding 50%,INFLUENCE,2017-09-01,
14289897056727903407,OOR,11116055736536205571,OOR,voting_rights 50%,INFLUENCE,2017-09-01,
3336444966714908604,OOR,11116055736536205571,OOR,shareholding 40%,INFLUENCE,2017-09-01,
3336444966714908604,OOR,11116055736536205571,OOR,voting_rights 40%,INFLUENCE,2017-09-01,
15858455230730088881,OOR,11116055736536205571,OOR,shareholding 20%,INFLUENCE,2017-09-01,2020-01-20
15858455230730088881,OOR,11116055736536205571,OOR,voting_rights 20%,INFLUENCE,2017-09-01,2020-01-20
10715496215396705732,OOR,11116055736536205571,OOR,shareholding 100%,INFLUENCE,2023-05-01,
10715496215396705732,OOR,11116055736536205571,OOR,voting_rights 100%,INFLUENCE,2023-05-01,
16710703760422008631,OOR,11116055736536205571,OOR,shareholding 100%,INFLUENCE,2023-05-01,
16710703760422008631,OOR,11116055736536205571,OOR,voting_rights 100%,INFLUENCE,2023-05-01,
8640962665019420594,OOR,11211948488926000995,OOR,shareholding 100%,INFLUENCE,2017-10-23,
8640962665019420594,OOR,11211948488926000995,OOR,voting_rights 100%,INFLUENCE,2017-10-23,
1080901836498152949,OOR,11219252361191376309,OOR,shareholding 25% 50%,INFLUENCE,2019-04-10,2020-05-22
1080901836498152949,OOR,11219252361191376309,OOR,voting_rights 25% 50%,INFLUENCE,2019-04-10,2020-05-22
11420610691467360731,OOR,11219252361191376309,OOR,shareholding 25% 50%,INFLUENCE,2019-04-10,2020-05-22
11420610691467360731,OOR,11219252361191376309,OOR,voting_rights 25% 50%,INFLUENCE,2019-04-10,2020-05-22
619906845403558735,OOR,11219252361191376309,OOR,shareholding 25% 50%,INFLUENCE,2019-04-10,2020-05-22
619906845403558735,OOR,11219252361191376309,OOR,voting_rights 25% 50%,INFLUENCE,2019-04-10,2020-05-22
18290677368069259165,OOR,11219252361191376309,OOR,other_influence_or_control,INFLUENCE,2019-08-02,2020-05-22
1281397035527615147,OOR,11219252361191376309,OOR,shareholding 75% 100%,INFLUENCE,2020-05-22,
1281397035527615147,OOR,11219252361191376309,OOR,voting_rights 75% 100%,INFLUENCE,2020-05-22,
1281397035527615147,OOR,11219252361191376309,OOR,appointment_of_board,INFLUENCE,2020-05-22,
10442160967680700142,OOR,11243344537198272424,OOR,voting_rights 25% 50%,INFLUENCE,2019-03-04,
4397766271173161830,OOR,11243344537198272424,OOR,voting_rights 25% 50%,INFLUENCE,2019-03-04,2021-02-08
13428256262385959517,OOR,11243344537198272424,OOR,other_influence_or_control,INFLUENCE,2021-03-22,
11318760569640528037,OOR,11243344537198272424,OOR,other_influence_or_control,INFLUENCE,2022-06-01,2022-12-08
534764373961090963,OOR,11243344537198272424,OOR,other_influence_or_control,INFLUENCE,2023-09-01,
2160651228459565660,OOR,11288053414445869117,OOR,shareholding 75% 100%,INFLUENCE,2020-03-10,
1874577453173338005,OOR,11288053414445869117,OOR,other_influence_or_control,INFLUENCE,2016-04-06,2020-03-10
696218628132293218,OOR,11288053414445869117,OOR,shareholding 25% 50%,INFLUENCE,2022-06-13,
696218628132293218,OOR,11288053414445869117,OOR,voting_rights 25% 50%,INFLUENCE,2022-06-13,
11162272732225814182,OOR,11288053414445869117,OOR,shareholding 25% 50%,INFLUENCE,2022-06-13,
11162272732225814182,OOR,11288053414445869117,OOR,voting_rights 25% 50%,INFLUENCE,2022-06-13,
11162272732225814182,OOR,11288053414445869117,OOR,appointment_of_board,INFLUENCE,2022-06-13,
1874577453173338005,OOR,11288053414445869117,OOR,shareholding 25% 50%,INFLUENCE,2022-06-13,
1874577453173338005,OOR,11288053414445869117,OOR,voting_rights 25% 50%,INFLUENCE,2022-06-13,
1874577453173338005,OOR,11288053414445869117,OOR,appointment_of_board,INFLUENCE,2022-06-13,
4353799569372263790,OOR,11336917879846660869,OOR,shareholding 25% 50%,INFLUENCE,2020-06-29,
4353799569372263790,OOR,11336917879846660869,OOR,voting_rights 25% 50%,INFLUENCE,2020-06-29,
14278375026190617588,OOR,11336917879846660869,OOR,shareholding 25% 50%,INFLUENCE,2020-06-29,
14278375026190617588,OOR,11336917879846660869,OOR,voting_rights 25% 50%,INFLUENCE,2020-06-29,
14122149152410399134,OOR,11358114435972069552,OOR,other_influence_or_control,INFLUENCE,2016-04-06,
287957459314169360,OOR,11470750397731955876,OOR,other_influence_or_control,INFLUENCE,2020-04-14,
11080898759010500830,OOR,11470750397731955876,OOR,other_influence_or_control,INFLUENCE,2020-04-14,2021-02-08
14539919002816935048,OOR,11470750397731955876,OOR,other_influence_or_control,INFLUENCE,2021-03-22,
11318760569640528037,OOR,11470750397731955876,OOR,other_influence_or_control,INFLUENCE,2022-06-01,2022-12-08
14860190858873069604,OOR,11470750397731955876,OOR,other_influence_or_control,INFLUENCE,2016-04-06,2020-04-28
16309910760240424999,OOR,11470750397731955876,OOR,other_influence_or_control,INFLUENCE,2016-04-06,2019-04-01
11447518046995452174,OOR,11470750397731955876,OOR,other_influence_or_control,INFLUENCE,2016-04-06,2020-04-28
3460841525290798642,OOR,11470750397731955876,OOR,other_influence_or_control,INFLUENCE,2023-09-01,
4397766271173161830,OOR,11554187554802244944,OOR,voting_rights 25% 50%,INFLUENCE,2019-03-05,2021-02-08
10442160967680700142,OOR,11554187554802244944,OOR,voting_rights 25% 50%,INFLUENCE,2019-03-05,
13428256262385959517,OOR,11554187554802244944,OOR,other_influence_or_control,INFLUENCE,2021-03-22,
11318760569640528037,OOR,11554187554802244944,OOR,other_influence_or_control,INFLUENCE,2022-06-01,2022-12-08
534764373961090963,OOR,11554187554802244944,OOR,other_influence_or_control,INFLUENCE,2023-09-01,
7148537770457709885,OOR,12299734555208012798,OOR,shareholding 50%,INFLUENCE,2023-07-14,
7148537770457709885,OOR,12299734555208012798,OOR,voting_rights 50%,INFLUENCE,2023-07-14,
12810423772846395580,OOR,12299734555208012798,OOR,shareholding 50%,INFLUENCE,2023-07-14,
12810423772846395580,OOR,12299734555208012798,OOR,voting_rights 50%,INFLUENCE,2023-07-14,
13005778930524170474,OOR,12607700260352964257,OOR,other_influence_or_control,INFLUENCE,2020-04-14,2021-02-08
287957459314169360,OOR,12607700260352964257,OOR,other_influence_or_control,INFLUENCE,2020-04-14,
14539919002816935048,OOR,12607700260352964257,OOR,other_influence_or_control,INFLUENCE,2021-03-22,
11318760569640528037,OOR,12607700260352964257,OOR,other_influence_or_control,INFLUENCE,2022-06-01,2022-12-08
11447518046995452174,OOR,12607700260352964257,OOR,other_influence_or_control,INFLUENCE,2016-04-06,2020-04-28
17181306514177266791,OOR,12607700260352964257,OOR,other_influence_or_control,INFLUENCE,2016-04-06,2019-04-01
14860190858873069604,OOR,12607700260352964257,OOR,other_influence_or_control,INFLUENCE,2016-04-06,2020-04-28
3460841525290798642,OOR,12607700260352964257,OOR,other_influence_or_control,INFLUENCE,2023-09-01,
1464128484313490312,OOR,12695509899426318056,OOR,shareholding 25% 50%,INFLUENCE,2020-05-18,
10716162445401606334,OOR,12695509899426318056,OOR,shareholding 25% 50%,INFLUENCE,2020-05-18,
1493520756170812697,OOR,12766010410307727821,OOR,shareholding 25% 50%,INFLUENCE,2018-08-13,2018-08-13
16845748640432210076,OOR,12766010410307727821,OOR,shareholding 25% 50%,INFLUENCE,2018-08-13,2018-08-13
14170996204032741908,OOR,12766010410307727821,OOR,shareholding 75% 100%,INFLUENCE,2018-08-13,
14170996204032741908,OOR,12766010410307727821,OOR,voting_rights 75% 100%,INFLUENCE,2018-08-13,
14170996204032741908,OOR,12766010410307727821,OOR,appointment_of_board,INFLUENCE,2018-08-13,
1278498051529614357,OOR,12783872965508662318,OOR,shareholding 50%,INFLUENCE,2010-06-24,2019-12-19
1278498051529614357,OOR,12783872965508662318,OOR,voting_rights 50%,INFLUENCE,2010-06-24,2019-12-19
8336662960845411280,OOR,12783872965508662318,OOR,shareholding 50%,INFLUENCE,2010-06-24,2019-12-19
8336662960845411280,OOR,12783872965508662318,OOR,voting_rights 50%,INFLUENCE,2010-06-24,2019-12-19
10534369556549149800,OOR,1281397035527615147,OOR,shareholding 25% 50%,INFLUENCE,2020-05-22,
404387165289142805,OOR,1281397035527615147,OOR,shareholding 50% 75%,INFLUENCE,2020-04-29,
404387165289142805,OOR,1281397035527615147,OOR,voting_rights 75% 100%,INFLUENCE,2020-04-29,
404387165289142805,OOR,1281397035527615147,OOR,appointment_of_board,INFLUENCE,2020-04-29,
11080898759010500830,OOR,13040990862630514878,OOR,other_influence_or_control,INFLUENCE,2020-04-14,2021-02-08
287957459314169360,OOR,13040990862630514878,OOR,other_influence_or_control,INFLUENCE,2020-04-14,
14539919002816935048,OOR,13040990862630514878,OOR,other_influence_or_control,INFLUENCE,2021-03-22,
11318760569640528037,OOR,13040990862630514878,OOR,other_influence_or_control,INFLUENCE,2022-06-01,2022-12-08
14860190858873069604,OOR,13040990862630514878,OOR,other_influence_or_control,INFLUENCE,2016-04-06,2020-04-28
11447518046995452174,OOR,13040990862630514878,OOR,other_influence_or_control,INFLUENCE,2016-04-06,2020-04-28
17181306514177266791,OOR,13040990862630514878,OOR,other_influence_or_control,INFLUENCE,2016-04-06,2019-04-01
3460841525290798642,OOR,13040990862630514878,OOR,other_influence_or_control,INFLUENCE,2023-09-01,
13856702416542646195,OOR,13477052041761619379,OOR,shareholding 40%,INFLUENCE,2022-05-25,
13856702416542646195,OOR,13477052041761619379,OOR,voting_rights 40%,INFLUENCE,2022-05-25,
11609786242914507636,OOR,13477052041761619379,OOR,shareholding 40%,INFLUENCE,2022-05-25,
11609786242914507636,OOR,13477052041761619379,OOR,voting_rights 40%,INFLUENCE,2022-05-25,
11396381015473255022,OOR,13477052041761619379,OOR,shareholding 80%,INFLUENCE,2022-05-25,
11396381015473255022,OOR,13477052041761619379,OOR,voting_rights 80%,INFLUENCE,2022-05-25,
16267544270129485655,OOR,13784268692833158197,OOR,shareholding 25% 50%,INFLUENCE,2016-07-30,
11885482106444836228,OOR,13784268692833158197,OOR,shareholding 25% 50%,INFLUENCE,2016-07-30,
8511257316605683806,OOR,13784268692833158197,OOR,shareholding 25% 50%,INFLUENCE,2016-07-30,
7335746805784104992,OOR,1384246610727860852,OOR,shareholding 75% 100%,INFLUENCE,2018-07-18,
5927522753545014068,OOR,13924194491566526048,OOR,shareholding 25% 50%,INFLUENCE,2016-04-06,
5927522753545014068,OOR,13924194491566526048,OOR,voting_rights 25% 50%,INFLUENCE,2016-04-06,
377764348982271554,OOR,13924194491566526048,OOR,shareholding 25% 50%,INFLUENCE,2016-04-06,
377764348982271554,OOR,13924194491566526048,OOR,voting_rights 25% 50%,INFLUENCE,2016-04-06,
16992637144895300986,OOR,14000555016939170387,OOR,shareholding 75% 100%,INFLUENCE,2016-04-06,
16992637144895300986,OOR,14000555016939170387,OOR,voting_rights 75% 100%,INFLUENCE,2016-04-06,
16992637144895300986,OOR,14000555016939170387,OOR,appointment_of_board,INFLUENCE,2016-04-06,
17207853441353212969,OOR,14018805654708720031,OOR,shareholding 75% 100%,INFLUENCE,2019-03-21,
17207853441353212969,OOR,14018805654708720031,OOR,voting_rights 75% 100%,INFLUENCE,2019-03-21,
17207853441353212969,OOR,14018805654708720031,OOR,appointment_of_board,INFLUENCE,2019-03-21,
14297103561838494627,OOR,14170996204032741908,OOR,shareholding 75% 100%,INFLUENCE,2023-05-31,
14297103561838494627,OOR,14170996204032741908,OOR,voting_rights 75% 100%,INFLUENCE,2023-05-31,
14297103561838494627,OOR,14170996204032741908,OOR,appointment_of_board,INFLUENCE,2023-05-31,
16845748640432210076,OOR,14170996204032741908,OOR,shareholding 25% 50%,INFLUENCE,2018-08-08,2023-05-31
16845748640432210076,OOR,14170996204032741908,OOR,voting_rights 25% 50%,INFLUENCE,2018-08-08,2023-05-31
1493520756170812697,OOR,14170996204032741908,OOR,shareholding 25% 50%,INFLUENCE,2018-08-08,2023-05-31
1493520756170812697,OOR,14170996204032741908,OOR,voting_rights 25% 50%,INFLUENCE,2018-08-08,2023-05-31
9280263866238154959,OOR,14175668782430466304,OOR,shareholding 75% 100%,INFLUENCE,2016-04-06,
9280263866238154959,OOR,14175668782430466304,OOR,voting_rights 75% 100%,INFLUENCE,2016-04-06,
9280263866238154959,OOR,14175668782430466304,OOR,appointment_of_board,INFLUENCE,2016-04-06,
13856702416542646195,OOR,14238886196948912695,OOR,shareholding 100%,INFLUENCE,2022-05-23,2023-05-30
13856702416542646195,OOR,14238886196948912695,OOR,voting_rights 100%,INFLUENCE,2022-05-23,2023-05-30
11396381015473255022,OOR,14238886196948912695,OOR,shareholding 100%,INFLUENCE,2023-05-30,
11396381015473255022,OOR,14238886196948912695,OOR,voting_rights 100%,INFLUENCE,2023-05-30,
2649240874962386578,OOR,14266506924237886681,OOR,shareholding 50%,INFLUENCE,2023-03-01,2024-01-11
2649240874962386578,OOR,14266506924237886681,OOR,voting_rights 50%,INFLUENCE,2023-03-01,2024-01-11
17472277213181749768,OOR,14290566430814122559,OOR,shareholding 25% 50%,INFLUENCE,2020-04-09,2020-06-24
17472277213181749768,OOR,14290566430814122559,OOR,voting_rights 25% 50%,INFLUENCE,2020-04-09,2020-06-24
17472277213181749768,OOR,14290566430814122559,OOR,appointment_of_board,INFLUENCE,2020-04-09,2020-06-24
11906858520895268149,OOR,14290566430814122559,OOR,shareholding 25% 50%,INFLUENCE,2020-04-09,2020-06-24
11906858520895268149,OOR,14290566430814122559,OOR,voting_rights 25% 50%,INFLUENCE,2020-04-09,2020-06-24
11906858520895268149,OOR,14290566430814122559,OOR,appointment_of_board,INFLUENCE,2020-04-09,2020-06-24
697245923305352330,OOR,14290566430814122559,OOR,shareholding 75% 100%,INFLUENCE,2020-06-24,
12224566364014089332,OOR,14290566430814122559,OOR,shareholding 25% 50%,INFLUENCE,2020-04-09,2020-06-24
12224566364014089332,OOR,14290566430814122559,OOR,voting_rights 25% 50%,INFLUENCE,2020-04-09,2020-06-24
12224566364014089332,OOR,14290566430814122559,OOR,appointment_of_board,INFLUENCE,2020-04-09,2020-06-24
10264459789712927869,OOR,14309735287846416338,OOR,shareholding 30%,INFLUENCE,2019-09-26,
9814013329055336562,OOR,14622071336348343184,OOR,shareholding 75% 100%,INFLUENCE,2018-12-07,
7118994730152866496,OOR,14622071336348343184,OOR,other_influence_or_control,INFLUENCE,2016-04-06,
1281397035527615147,OOR,14796315460903771217,OOR,shareholding 75% 100%,INFLUENCE,2020-03-18,2022-04-04
1281397035527615147,OOR,14796315460903771217,OOR,voting_rights 75% 100%,INFLUENCE,2020-03-18,2022-04-04
1281397035527615147,OOR,14796315460903771217,OOR,appointment_of_board,INFLUENCE,2020-03-18,2022-04-04
14588623608731068912,OOR,14938361199615754936,OOR,shareholding 50%,INFLUENCE,2023-06-29,
14588623608731068912,OOR,14938361199615754936,OOR,voting_rights 50%,INFLUENCE,2023-06-29,
11396381015473255022,OOR,14938361199615754936,OOR,shareholding 50%,INFLUENCE,2023-06-29,
11396381015473255022,OOR,14938361199615754936,OOR,voting_rights 50%,INFLUENCE,2023-06-29,
6272887817639008901,OOR,15012855603188484718,OOR,shareholding 25% 50%,INFLUENCE,2018-10-09,
8485324108454079761,OOR,15012855603188484718,OOR,shareholding 50% 75%,INFLUENCE,2018-10-09,
10680481659833914699,OOR,15029235107130143589,OOR,other_influence_or_control,INFLUENCE,2016-04-06,2022-05-13
5146719055056379826,OOR,15029235107130143589,OOR,shareholding 75% 100%,INFLUENCE,2022-05-13,2022-12-15
5146719055056379826,OOR,15029235107130143589,OOR,voting_rights 75% 100%,INFLUENCE,2022-05-13,2022-12-15
5146719055056379826,OOR,15029235107130143589,OOR,appointment_of_board,INFLUENCE,2022-05-13,2022-12-15
8566209714017500522,OOR,15029235107130143589,OOR,shareholding 75% 100%,INFLUENCE,2022-12-15,
8566209714017500522,OOR,15029235107130143589,OOR,voting_rights 75% 100%,INFLUENCE,2022-12-15,
8566209714017500522,OOR,15029235107130143589,OOR,appointment_of_board,INFLUENCE,2022-12-15,
2649240874962386578,OOR,15116490918334517000,OOR,shareholding 60%,INFLUENCE,2020-09-15,
2649240874962386578,OOR,15116490918334517000,OOR,voting_rights 60%,INFLUENCE,2020-09-15,
11080898759010500830,OOR,15234090014993766050,OOR,other_influence_or_control,INFLUENCE,2020-04-14,2021-02-08
287957459314169360,OOR,15234090014993766050,OOR,other_influence_or_control,INFLUENCE,2020-04-14,
14539919002816935048,OOR,15234090014993766050,OOR,other_influence_or_control,INFLUENCE,2021-03-22,
11318760569640528037,OOR,15234090014993766050,OOR,other_influence_or_control,INFLUENCE,2022-06-01,2022-12-08
14860190858873069604,OOR,15234090014993766050,OOR,other_influence_or_control,INFLUENCE,2016-04-06,2020-04-28
11447518046995452174,OOR,15234090014993766050,OOR,other_influence_or_control,INFLUENCE,2016-04-06,2020-04-28
17181306514177266791,OOR,15234090014993766050,OOR,other_influence_or_control,INFLUENCE,2016-04-06,2019-04-01
12134085913696145565,OOR,15234090014993766050,OOR,other_influence_or_control,INFLUENCE,2023-09-01,
976479642634792302,OOR,15234090014993766050,OOR,other_influence_or_control,INFLUENCE,2023-09-01,
11300978730214787910,OOR,15684184554560146301,OOR,shareholding 75% 100%,INFLUENCE,2016-04-06,
11300978730214787910,OOR,15684184554560146301,OOR,voting_rights 75% 100%,INFLUENCE,2016-04-06,
11300978730214787910,OOR,15684184554560146301,OOR,appointment_of_board,INFLUENCE,2016-04-06,
11080898759010500830,OOR,15720445746138030219,OOR,other_influence_or_control,INFLUENCE,2020-04-14,2021-02-08
287957459314169360,OOR,15720445746138030219,OOR,other_influence_or_control,INFLUENCE,2020-04-14,
14539919002816935048,OOR,15720445746138030219,OOR,other_influence_or_control,INFLUENCE,2021-03-22,
11318760569640528037,OOR,15720445746138030219,OOR,other_influence_or_control,INFLUENCE,2022-06-01,2022-12-08
14860190858873069604,OOR,15720445746138030219,OOR,other_influence_or_control,INFLUENCE,2016-04-06,2020-04-28
17181306514177266791,OOR,15720445746138030219,OOR,other_influence_or_control,INFLUENCE,2016-04-06,2019-04-01
11447518046995452174,OOR,15720445746138030219,OOR,other_influence_or_control,INFLUENCE,2016-04-06,2020-04-28
3460841525290798642,OOR,15720445746138030219,OOR,other_influence_or_control,INFLUENCE,2023-09-01,
10264459789712927869,OOR,15865669946468696718,OOR,shareholding 30%,INFLUENCE,2019-09-26,
8236047820630372084,OOR,15872919079000141033,OOR,shareholding 25% 50%,INFLUENCE,2016-08-01,
8762382002669702320,OOR,15872919079000141033,OOR,shareholding 25% 50%,INFLUENCE,2018-10-23,
1278498051529614357,OOR,16265561371074939590,OOR,shareholding 50%,INFLUENCE,2010-06-30,
1278498051529614357,OOR,16265561371074939590,OOR,voting_rights 50%,INFLUENCE,2010-06-30,
8336662960845411280,OOR,16265561371074939590,OOR,shareholding 5%,INFLUENCE,2010-06-30,
8336662960845411280,OOR,16265561371074939590,OOR,voting_rights 5%,INFLUENCE,2010-06-30,
953272446376371596,OOR,16265561371074939590,OOR,shareholding 15%,INFLUENCE,2019-12-19,
953272446376371596,OOR,16265561371074939590,OOR,voting_rights 15%,INFLUENCE,2019-12-19,
5070572028120081385,OOR,16265561371074939590,OOR,shareholding 15%,INFLUENCE,2019-12-19,
5070572028120081385,OOR,16265561371074939590,OOR,voting_rights 15%,INFLUENCE,2019-12-19,
5508160201904175094,OOR,16265561371074939590,OOR,shareholding 15%,INFLUENCE,2019-12-19,
5508160201904175094,OOR,16265561371074939590,OOR,voting_rights 15%,INFLUENCE,2019-12-19,
11080898759010500830,OOR,16549903929061752210,OOR,other_influence_or_control,INFLUENCE,2020-04-14,2021-02-08
287957459314169360,OOR,16549903929061752210,OOR,other_influence_or_control,INFLUENCE,2020-04-14,
14539919002816935048,OOR,16549903929061752210,OOR,other_influence_or_control,INFLUENCE,2021-03-22,
11318760569640528037,OOR,16549903929061752210,OOR,other_influence_or_control,INFLUENCE,2022-06-01,2022-12-08
11447518046995452174,OOR,16549903929061752210,OOR,other_influence_or_control,INFLUENCE,2016-04-06,2020-04-28
17181306514177266791,OOR,16549903929061752210,OOR,other_influence_or_control,INFLUENCE,2016-04-06,2019-04-01
14860190858873069604,OOR,16549903929061752210,OOR,other_influence_or_control,INFLUENCE,2016-04-06,2020-04-28
3460841525290798642,OOR,16549903929061752210,OOR,other_influence_or_control,INFLUENCE,2023-09-01,
2465602672766672427,OOR,1692770648540300189,OOR,shareholding 75% 100%,INFLUENCE,2016-07-27,
2465602672766672427,OOR,1692770648540300189,OOR,voting_rights 75% 100%,INFLUENCE,2016-07-27,
2465602672766672427,OOR,1692770648540300189,OOR,appointment_of_board,INFLUENCE,2016-07-27,
287957459314169360,OOR,17170580400119641029,OOR,other_influence_or_control,INFLUENCE,2020-04-14,
11080898759010500830,OOR,17170580400119641029,OOR,other_influence_or_control,INFLUENCE,2020-04-14,2021-02-08
14539919002816935048,OOR,17170580400119641029,OOR,other_influence_or_control,INFLUENCE,2021-03-22,
11318760569640528037,OOR,17170580400119641029,OOR,other_influence_or_control,INFLUENCE,2022-06-01,2022-12-08
14860190858873069604,OOR,17170580400119641029,OOR,other_influence_or_control,INFLUENCE,2016-04-06,2020-04-28
11447518046995452174,OOR,17170580400119641029,OOR,other_influence_or_control,INFLUENCE,2016-04-06,2020-04-28
17181306514177266791,OOR,17170580400119641029,OOR,other_influence_or_control,INFLUENCE,2016-04-06,2019-04-01
3460841525290798642,OOR,17170580400119641029,OOR,other_influence_or_control,INFLUENCE,2023-09-01,
11447518046995452174,OOR,17198815995802206034,OOR,other_influence_or_control,INFLUENCE,2016-04-06,2020-04-28
14860190858873069604,OOR,17198815995802206034,OOR,other_influence_or_control,INFLUENCE,2016-04-06,2020-04-28
17181306514177266791,OOR,17198815995802206034,OOR,other_influence_or_control,INFLUENCE,2016-04-06,2019-04-01
11080898759010500830,OOR,17198815995802206034,OOR,other_influence_or_control,INFLUENCE,2020-04-14,2021-02-08
287957459314169360,OOR,17198815995802206034,OOR,other_influence_or_control,INFLUENCE,2020-04-14,
14539919002816935048,OOR,17198815995802206034,OOR,other_influence_or_control,INFLUENCE,2021-03-22,
11318760569640528037,OOR,17198815995802206034,OOR,other_influence_or_control,INFLUENCE,2022-06-01,2022-12-08
3460841525290798642,OOR,17198815995802206034,OOR,other_influence_or_control,INFLUENCE,2023-09-01,
8740528149208954370,OOR,17271848457789735161,OOR,shareholding 75% 100%,INFLUENCE,2016-04-06,
8740528149208954370,OOR,17271848457789735161,OOR,voting_rights 75% 100%,INFLUENCE,2016-04-06,
8740528149208954370,OOR,17271848457789735161,OOR,appointment_of_board,INFLUENCE,2016-04-06,
287957459314169360,OOR,1743676453477955141,OOR,other_influence_or_control,INFLUENCE,2020-04-14,
11080898759010500830,OOR,1743676453477955141,OOR,other_influence_or_control,INFLUENCE,2020-04-14,2021-02-08
14539919002816935048,OOR,1743676453477955141,OOR,other_influence_or_control,INFLUENCE,2021-03-22,
11318760569640528037,OOR,1743676453477955141,OOR,other_influence_or_control,INFLUENCE,2022-06-01,2022-12-08
17181306514177266791,OOR,1743676453477955141,OOR,other_influence_or_control,INFLUENCE,2016-04-06,2019-04-01
14860190858873069604,OOR,1743676453477955141,OOR,other_influence_or_control,INFLUENCE,2016-04-06,2020-04-28
11447518046995452174,OOR,1743676453477955141,OOR,other_influence_or_control,INFLUENCE,2016-04-06,2020-04-28
3460841525290798642,OOR,1743676453477955141,OOR,other_influence_or_control,INFLUENCE,2023-09-01,
2649240874962386578,OOR,17596486550522790028,OOR,shareholding 50%,INFLUENCE,2023-07-03,
2649240874962386578,OOR,17596486550522790028,OOR,voting_rights 50%,INFLUENCE,2023-07-03,
11189598595664412122,OOR,17636817563619443689,OOR,shareholding 75% 100%,INFLUENCE,2016-04-06,
11189598595664412122,OOR,17636817563619443689,OOR,voting_rights 75% 100%,INFLUENCE,2016-04-06,
11189598595664412122,OOR,17636817563619443689,OOR,appointment_of_board,INFLUENCE,2016-04-06,
5404060279161954835,OOR,17759055292031741849,OOR,shareholding 25% 50%,INFLUENCE,2019-11-20,
5404060279161954835,OOR,17759055292031741849,OOR,voting_rights 25% 50%,INFLUENCE,2019-11-20,
5404060279161954835,OOR,17759055292031741849,OOR,appointment_of_board,INFLUENCE,2019-11-20,
2654689820514522770,OOR,17759055292031741849,OOR,shareholding 25% 50%,INFLUENCE,2019-11-20,
2654689820514522770,OOR,17759055292031741849,OOR,voting_rights 25% 50%,INFLUENCE,2019-11-20,
2654689820514522770,OOR,17759055292031741849,OOR,appointment_of_board,INFLUENCE,2019-11-20,
2649240874962386578,OOR,17806324037190038651,OOR,shareholding 100%,INFLUENCE,2023-05-30,
2649240874962386578,OOR,17806324037190038651,OOR,voting_rights 100%,INFLUENCE,2023-05-30,
17952626459015773513,OOR,17892212632775799925,OOR,shareholding 25% 50%,INFLUENCE,2018-07-19,
17952626459015773513,OOR,17892212632775799925,OOR,voting_rights 25% 50%,INFLUENCE,2018-07-19,
6747548100436839873,OOR,17892212632775799925,OOR,shareholding 50% 75%,INFLUENCE,2018-07-19,
6747548100436839873,OOR,17892212632775799925,OOR,voting_rights 50% 75%,INFLUENCE,2018-07-19,
16819185599764310475,OOR,17892212632775799925,OOR,shareholding 25% 50%,INFLUENCE,2018-07-19,
16819185599764310475,OOR,17892212632775799925,OOR,voting_rights 25% 50%,INFLUENCE,2018-07-19,
12164505326385567495,OOR,17892212632775799925,OOR,shareholding 50% 75%,INFLUENCE,2018-07-19,
12164505326385567495,OOR,17892212632775799925,OOR,voting_rights 50% 75%,INFLUENCE,2018-07-19,
697245923305352330,OOR,18054426194482640518,OOR,shareholding 75% 100%,INFLUENCE,2020-06-24,
871635336857533818,OOR,18054426194482640518,OOR,shareholding 25% 50%,INFLUENCE,2020-06-12,2020-06-24
871635336857533818,OOR,18054426194482640518,OOR,voting_rights 25% 50%,INFLUENCE,2020-06-12,2020-06-24
871635336857533818,OOR,18054426194482640518,OOR,appointment_of_board,INFLUENCE,2020-06-12,2020-06-24
11906858520895268149,OOR,18054426194482640518,OOR,shareholding 25% 50%,INFLUENCE,2020-06-12,2020-06-24
11906858520895268149,OOR,18054426194482640518,OOR,voting_rights 25% 50%,INFLUENCE,2020-06-12,2020-06-24
11906858520895268149,OOR,18054426194482640518,OOR,appointment_of_board,INFLUENCE,2020-06-12,2020-06-24
13402299582755623956,OOR,18054426194482640518,OOR,shareholding 25% 50%,INFLUENCE,2020-06-12,2020-06-24
13402299582755623956,OOR,18054426194482640518,OOR,voting_rights 25% 50%,INFLUENCE,2020-06-12,2020-06-24
13402299582755623956,OOR,18054426194482640518,OOR,appointment_of_board,INFLUENCE,2020-06-12,2020-06-24
12052062250481936308,OOR,18177559536309068576,OOR,other_influence_or_control,INFLUENCE,2019-12-05,
12810423772846395580,OOR,1817956027301100807,OOR,shareholding 100%,INFLUENCE,2023-07-09,
12810423772846395580,OOR,1817956027301100807,OOR,voting_rights 100%,INFLUENCE,2023-07-09,
11396381015473255022,OOR,1822426208606148070,OOR,shareholding 40%,INFLUENCE,2020-09-15,
11396381015473255022,OOR,1822426208606148070,OOR,voting_rights 40%,INFLUENCE,2020-09-15,
18342086535343317671,OOR,1822426208606148070,OOR,shareholding 40%,INFLUENCE,2020-09-15,
18342086535343317671,OOR,1822426208606148070,OOR,voting_rights 40%,INFLUENCE,2020-09-15,
3495273677189998613,OOR,18234405239694855321,OOR,shareholding 50%,INFLUENCE,2020-02-13,
3495273677189998613,OOR,18234405239694855321,OOR,voting_rights 50%,INFLUENCE,2020-02-13,
5453025603172443009,OOR,18234405239694855321,OOR,shareholding 50%,INFLUENCE,2020-02-13,
5453025603172443009,OOR,18234405239694855321,OOR,voting_rights 50%,INFLUENCE,2020-02-13,
7569402461685574193,OOR,18234405239694855321,OOR,shareholding 100%,INFLUENCE,2020-02-13,
7569402461685574193,OOR,18234405239694855321,OOR,voting_rights 100%,INFLUENCE,2020-02-13,
9858196039535340907,OOR,18282424032862749736,OOR,shareholding 50%,INFLUENCE,2023-06-19,
11396381015473255022,OOR,18282424032862749736,OOR,shareholding 50%,INFLUENCE,2023-06-19,
11396381015473255022,OOR,18282424032862749736,OOR,voting_rights 100%,INFLUENCE,2023-06-19,
3763382290790851491,OOR,1876302548425697905,OOR,shareholding 75% 100%,INFLUENCE,2019-08-20,
3763382290790851491,OOR,1876302548425697905,OOR,voting_rights 75% 100%,INFLUENCE,2019-08-20,
3763382290790851491,OOR,1876302548425697905,OOR,appointment_of_board,INFLUENCE,2019-08-20,
12660655370557157776,OOR,1900125495978964582,OOR,other_influence_or_control,INFLUENCE,2016-04-06,2020-04-28
16309910760240424999,OOR,1900125495978964582,OOR,other_influence_or_control,INFLUENCE,2016-04-06,2019-04-01
11447518046995452174,OOR,1900125495978964582,OOR,other_influence_or_control,INFLUENCE,2016-04-06,2020-04-28
287957459314169360,OOR,1900125495978964582,OOR,other_influence_or_control,INFLUENCE,2020-04-14,
11080898759010500830,OOR,1900125495978964582,OOR,other_influence_or_control,INFLUENCE,2020-03-14,2021-02-08
14539919002816935048,OOR,1900125495978964582,OOR,other_influence_or_control,INFLUENCE,2021-03-22,
11318760569640528037,OOR,1900125495978964582,OOR,other_influence_or_control,INFLUENCE,2022-06-01,2022-12-08
3460841525290798642,OOR,1900125495978964582,OOR,other_influence_or_control,INFLUENCE,2023-09-01,
354734124723271238,OOR,2102963263606356827,OOR,shareholding 75% 100%,INFLUENCE,2020-01-01,
354734124723271238,OOR,2102963263606356827,OOR,voting_rights 75% 100%,INFLUENCE,2020-01-01,
2305787335480564535,OOR,2157304631999893922,OOR,shareholding 25% 50%,INFLUENCE,2018-08-20,
2305787335480564535,OOR,2157304631999893922,OOR,voting_rights 25% 50%,INFLUENCE,2018-08-20,
2305787335480564535,OOR,2157304631999893922,OOR,appointment_of_board,INFLUENCE,2018-08-20,
13549564835736144460,OOR,2157304631999893922,OOR,shareholding 25% 50%,INFLUENCE,2018-08-20,
13549564835736144460,OOR,2157304631999893922,OOR,voting_rights 25% 50%,INFLUENCE,2018-08-20,
13549564835736144460,OOR,2157304631999893922,OOR,appointment_of_board,INFLUENCE,2018-08-20,
696218628132293218,OOR,2160651228459565660,OOR,shareholding 25% 50%,INFLUENCE,2020-03-10,
696218628132293218,OOR,2160651228459565660,OOR,voting_rights 25% 50%,INFLUENCE,2020-03-10,
11162272732225814182,OOR,2160651228459565660,OOR,shareholding 25% 50%,INFLUENCE,2022-06-13,
11162272732225814182,OOR,2160651228459565660,OOR,voting_rights 25% 50%,INFLUENCE,2022-06-13,
11162272732225814182,OOR,2160651228459565660,OOR,appointment_of_board,INFLUENCE,2022-06-13,
2649240874962386578,OOR,2217751744902026259,OOR,shareholding 50%,INFLUENCE,2023-06-29,
2649240874962386578,OOR,2217751744902026259,OOR,voting_rights 50%,INFLUENCE,2023-06-29,
15552612855683312785,OOR,2395885863738894312,OOR,shareholding 75% 100%,INFLUENCE,2016-04-06,
15552612855683312785,OOR,2395885863738894312,OOR,voting_rights 75% 100%,INFLUENCE,2016-04-06,
15552612855683312785,OOR,2395885863738894312,OOR,appointment_of_board,INFLUENCE,2016-04-06,
16845748640432210076,OOR,2679845957325611152,OOR,shareholding 25% 50%,INFLUENCE,2019-07-06,
16845748640432210076,OOR,2679845957325611152,OOR,voting_rights 25% 50%,INFLUENCE,2019-07-06,
6002776118800028535,OOR,2679845957325611152,OOR,shareholding 25% 50%,INFLUENCE,2019-07-06,
6002776118800028535,OOR,2679845957325611152,OOR,voting_rights 25% 50%,INFLUENCE,2019-07-06,
8435024606289784592,OOR,2940298445539057879,OOR,shareholding 25% 50%,INFLUENCE,2019-04-12,
4626879104222513256,OOR,2940298445539057879,OOR,shareholding 75% 100%,INFLUENCE,2016-04-06,2019-04-12
5453871134642869682,OOR,2940298445539057879,OOR,shareholding 25% 50%,INFLUENCE,2019-04-12,
1874577453173338005,OOR,3088910742853001183,OOR,shareholding 25% 50%,INFLUENCE,2020-03-09,
1874577453173338005,OOR,3088910742853001183,OOR,voting_rights 25% 50%,INFLUENCE,2020-03-09,
1874577453173338005,OOR,3088910742853001183,OOR,appointment_of_board,INFLUENCE,2020-03-09,
17574959764435441480,OOR,3130484542422468846,OOR,shareholding 100%,INFLUENCE,2020-06-10,
17574959764435441480,OOR,3130484542422468846,OOR,voting_rights 100%,INFLUENCE,2020-06-10,
12810423772846395580,OOR,3268067683906360563,OOR,shareholding 100%,INFLUENCE,2023-07-09,
12810423772846395580,OOR,3268067683906360563,OOR,voting_rights 100%,INFLUENCE,2023-07-09,
5563833609003122886,OOR,3276060465537167039,OOR,other_influence_or_control,INFLUENCE,2018-04-03,
5473067660016789594,OOR,3276060465537167039,OOR,other_influence_or_control,INFLUENCE,2018-04-03,
17885696815124238466,OOR,3276060465537167039,OOR,other_influence_or_control,INFLUENCE,2018-04-03,
7733076749276969998,OOR,3416816045051266211,OOR,shareholding 50% 75%,INFLUENCE,2018-05-16,
11119559284828887244,OOR,3416816045051266211,OOR,shareholding 25% 50%,INFLUENCE,2018-05-16,
2305787335480564535,OOR,3620664545106141889,OOR,shareholding 75% 100%,INFLUENCE,2018-06-11,
2305787335480564535,OOR,3620664545106141889,OOR,voting_rights 75% 100%,INFLUENCE,2018-06-11,
2305787335480564535,OOR,3620664545106141889,OOR,appointment_of_board,INFLUENCE,2018-06-11,
16574664319827836179,OOR,3620664545106141889,OOR,shareholding 25% 50%,INFLUENCE,2018-06-11,2021-01-18
16574664319827836179,OOR,3620664545106141889,OOR,voting_rights 25% 50%,INFLUENCE,2018-06-11,2021-01-18
16574664319827836179,OOR,3620664545106141889,OOR,appointment_of_board,INFLUENCE,2018-06-11,2021-01-18
7144199660998316023,OOR,4017873748870720667,OOR,shareholding 75% 100%,INFLUENCE,2016-04-06,
11162272732225814182,OOR,4022702057509019826,OOR,shareholding 25% 50%,INFLUENCE,2016-07-01,
11162272732225814182,OOR,4022702057509019826,OOR,voting_rights 25% 50%,INFLUENCE,2016-07-01,
11162272732225814182,OOR,4022702057509019826,OOR,appointment_of_board,INFLUENCE,2016-07-01,
11162272732225814182,OOR,4022702057509019826,OOR,other_influence_or_control,INFLUENCE,2016-07-01,
696218628132293218,OOR,4022702057509019826,OOR,shareholding 25% 50%,INFLUENCE,2016-07-01,
696218628132293218,OOR,4022702057509019826,OOR,voting_rights 25% 50%,INFLUENCE,2016-07-01,
696218628132293218,OOR,4022702057509019826,OOR,other_influence_or_control,INFLUENCE,2016-07-01,
11396381015473255022,OOR,4349994537831653530,OOR,shareholding 50%,INFLUENCE,2023-03-01,
11396381015473255022,OOR,4349994537831653530,OOR,voting_rights 50%,INFLUENCE,2023-03-01,
4046297942867577856,OOR,4349994537831653530,OOR,shareholding 50%,INFLUENCE,2023-03-01,
4046297942867577856,OOR,4349994537831653530,OOR,voting_rights 50%,INFLUENCE,2023-03-01,
12810423772846395580,OOR,4598783453354496374,OOR,shareholding 50%,INFLUENCE,2023-07-14,
12810423772846395580,OOR,4598783453354496374,OOR,voting_rights 50%,INFLUENCE,2023-07-14,
7148537770457709885,OOR,4598783453354496374,OOR,shareholding 50%,INFLUENCE,2023-07-14,
7148537770457709885,OOR,4598783453354496374,OOR,voting_rights 50%,INFLUENCE,2023-07-14,
7715842923571225551,OOR,4897885495189971863,OOR,other_influence_or_control,INFLUENCE,2019-04-12,
4626879104222513256,OOR,4897885495189971863,OOR,other_influence_or_control,INFLUENCE,2016-04-06,2019-04-12
9688729209001748329,OOR,5217897900593669517,OOR,voting_rights 75% 100%,INFLUENCE,2016-04-06,
9688729209001748329,OOR,5217897900593669517,OOR,appointment_of_board,INFLUENCE,2016-04-06,
9688729209001748329,OOR,5217897900593669517,OOR,other_influence_or_control,INFLUENCE,2016-04-06,
5924181656126884352,OOR,5363488013504819484,OOR,shareholding 25% 50%,INFLUENCE,2019-02-15,
5924181656126884352,OOR,5363488013504819484,OOR,voting_rights 25% 50%,INFLUENCE,2019-02-15,
2880829771537807421,OOR,5363488013504819484,OOR,shareholding 50% 75%,INFLUENCE,2019-02-15,
2880829771537807421,OOR,5363488013504819484,OOR,voting_rights 50% 75%,INFLUENCE,2019-02-15,
2880829771537807421,OOR,5363488013504819484,OOR,appointment_of_board,INFLUENCE,2019-02-15,
18291202706706754902,OOR,5458210266490651757,OOR,shareholding 75% 100%,INFLUENCE,2016-04-06,
18291202706706754902,OOR,5458210266490651757,OOR,voting_rights 75% 100%,INFLUENCE,2016-04-06,
18291202706706754902,OOR,5458210266490651757,OOR,appointment_of_board,INFLUENCE,2016-04-06,
578820807701635603,OOR,5658747065450198230,OOR,shareholding 75% 100%,INFLUENCE,2016-07-20,
578820807701635603,OOR,5658747065450198230,OOR,voting_rights 75% 100%,INFLUENCE,2016-07-20,
578820807701635603,OOR,5658747065450198230,OOR,appointment_of_board,INFLUENCE,2016-07-20,
14677440475450711983,OOR,594653835899287894,OOR,shareholding 75% 100%,INFLUENCE,2016-04-06,
14677440475450711983,OOR,594653835899287894,OOR,voting_rights 75% 100%,INFLUENCE,2016-04-06,
14677440475450711983,OOR,594653835899287894,OOR,appointment_of_board,INFLUENCE,2016-04-06,
17181306514177266791,OOR,6050408303626891096,OOR,other_influence_or_control,INFLUENCE,2016-04-06,2019-04-01
14860190858873069604,OOR,6050408303626891096,OOR,other_influence_or_control,INFLUENCE,2016-04-06,2020-04-28
11447518046995452174,OOR,6050408303626891096,OOR,other_influence_or_control,INFLUENCE,2016-04-06,2020-04-28
287957459314169360,OOR,6050408303626891096,OOR,other_influence_or_control,INFLUENCE,2020-04-14,
11080898759010500830,OOR,6050408303626891096,OOR,other_influence_or_control,INFLUENCE,2020-04-14,2021-02-08
14539919002816935048,OOR,6050408303626891096,OOR,other_influence_or_control,INFLUENCE,2021-03-22,
11318760569640528037,OOR,6050408303626891096,OOR,other_influence_or_control,INFLUENCE,2022-06-01,2022-12-08
3460841525290798642,OOR,6050408303626891096,OOR,other_influence_or_control,INFLUENCE,2023-09-01,
11162272732225814182,OOR,6130785299339880385,OOR,shareholding 25% 50%,INFLUENCE,2020-01-27,
696218628132293218,OOR,6130785299339880385,OOR,shareholding 25% 50%,INFLUENCE,2020-01-27,
10390699576067371333,OOR,6136286495297288173,OOR,shareholding 75% 100%,INFLUENCE,2019-08-19,
10390699576067371333,OOR,6136286495297288173,OOR,voting_rights 75% 100%,INFLUENCE,2019-08-19,
10390699576067371333,OOR,6136286495297288173,OOR,appointment_of_board,INFLUENCE,2019-08-19,
6383471948105063933,OOR,6158188023058158242,OOR,shareholding 75% 100%,INFLUENCE,2016-07-05,2016-07-14
6383471948105063933,OOR,6158188023058158242,OOR,voting_rights 75% 100%,INFLUENCE,2016-07-05,2016-07-14
6383471948105063933,OOR,6158188023058158242,OOR,appointment_of_board,INFLUENCE,2016-07-05,2016-07-14
6851557036761411462,OOR,6587200127538019003,OOR,shareholding 75% 100%,INFLUENCE,2020-03-03,
1883254290535355504,OOR,6627175790700056685,OOR,shareholding 50% 75%,INFLUENCE,2019-05-01,
6272887817639008901,OOR,6627175790700056685,OOR,shareholding 25% 50%,INFLUENCE,2021-02-12,
6272887817639008901,OOR,6627175790700056685,OOR,voting_rights 25% 50%,INFLUENCE,2021-02-12,
8336662960845411280,OOR,6650314840584745424,OOR,shareholding 10%,INFLUENCE,2009-12-02,
8336662960845411280,OOR,6650314840584745424,OOR,voting_rights 100%,INFLUENCE,2009-12-02,
953272446376371596,OOR,6650314840584745424,OOR,shareholding 30%,INFLUENCE,2019-09-26,
5070572028120081385,OOR,6650314840584745424,OOR,shareholding 30%,INFLUENCE,2019-09-26,
5508160201904175094,OOR,6650314840584745424,OOR,shareholding 30%,INFLUENCE,2019-09-26,
9488638292964121747,OOR,6701883901592387784,OOR,shareholding 75% 100%,INFLUENCE,2019-12-02,
9488638292964121747,OOR,6701883901592387784,OOR,voting_rights 75% 100%,INFLUENCE,2019-12-02,
9488638292964121747,OOR,6701883901592387784,OOR,appointment_of_board,INFLUENCE,2019-12-02,
14588623608731068912,OOR,6905760079647055472,OOR,shareholding 50%,INFLUENCE,2023-07-03,
14588623608731068912,OOR,6905760079647055472,OOR,voting_rights 50%,INFLUENCE,2023-07-03,
11396381015473255022,OOR,6905760079647055472,OOR,shareholding 50%,INFLUENCE,2023-07-03,
11396381015473255022,OOR,6905760079647055472,OOR,voting_rights 50%,INFLUENCE,2023-07-03,
12660655370557157776,OOR,7212271673267422588,OOR,other_influence_or_control,INFLUENCE,2016-04-06,2020-04-28
17181306514177266791,OOR,7212271673267422588,OOR,other_influence_or_control,INFLUENCE,2016-04-06,2019-04-01
11447518046995452174,OOR,7212271673267422588,OOR,other_influence_or_control,INFLUENCE,2016-04-06,2020-04-28
287957459314169360,OOR,7212271673267422588,OOR,other_influence_or_control,INFLUENCE,2020-04-14,
11080898759010500830,OOR,7212271673267422588,OOR,other_influence_or_control,INFLUENCE,2020-04-14,2021-02-08
14539919002816935048,OOR,7212271673267422588,OOR,other_influence_or_control,INFLUENCE,2021-03-22,
11318760569640528037,OOR,7212271673267422588,OOR,other_influence_or_control,INFLUENCE,2022-06-01,2022-12-08
3460841525290798642,OOR,7212271673267422588,OOR,other_influence_or_control,INFLUENCE,2023-09-01,
4008882934238377616,OOR,7345338689963218715,OOR,shareholding 75% 100%,INFLUENCE,2018-09-27,2018-12-01
2882148492357797361,OOR,7345338689963218715,OOR,voting_rights 75% 100%,INFLUENCE,2018-09-27,2018-09-27
15252205228273494020,OOR,7345338689963218715,OOR,shareholding 75% 100%,INFLUENCE,2018-09-27,2019-10-21
15252205228273494020,OOR,7345338689963218715,OOR,voting_rights 75% 100%,INFLUENCE,2018-09-27,2019-10-21
15252205228273494020,OOR,7345338689963218715,OOR,appointment_of_board,INFLUENCE,2018-09-27,2019-10-21
13340259158877779336,OOR,7345338689963218715,OOR,shareholding 75% 100%,INFLUENCE,2019-10-21,
13340259158877779336,OOR,7345338689963218715,OOR,voting_rights 75% 100%,INFLUENCE,2019-10-21,
13340259158877779336,OOR,7345338689963218715,OOR,appointment_of_board,INFLUENCE,2019-10-21,
17181306514177266791,OOR,7345643885027890505,OOR,other_influence_or_control,INFLUENCE,2016-04-06,2019-04-01
14860190858873069604,OOR,7345643885027890505,OOR,other_influence_or_control,INFLUENCE,2016-04-06,2020-04-28
11447518046995452174,OOR,7345643885027890505,OOR,other_influence_or_control,INFLUENCE,2016-04-06,2020-04-28
11080898759010500830,OOR,7345643885027890505,OOR,other_influence_or_control,INFLUENCE,2020-04-14,2021-02-08
287957459314169360,OOR,7345643885027890505,OOR,other_influence_or_control,INFLUENCE,2020-04-14,
14539919002816935048,OOR,7345643885027890505,OOR,other_influence_or_control,INFLUENCE,2021-03-22,
11318760569640528037,OOR,7345643885027890505,OOR,other_influence_or_control,INFLUENCE,2022-06-01,2022-12-08
3460841525290798642,OOR,7345643885027890505,OOR,other_influence_or_control,INFLUENCE,2023-09-01,
16555742617193126384,OOR,7534967179375482443,OOR,shareholding 25% 50%,INFLUENCE,2016-07-12,
12469744678402514041,OOR,7534967179375482443,OOR,shareholding 25% 50%,INFLUENCE,2016-07-12,
1142565735809814951,OOR,7768098535826515629,OOR,shareholding 75% 100%,INFLUENCE,2019-01-24,
1142565735809814951,OOR,7768098535826515629,OOR,voting_rights 75% 100%,INFLUENCE,2019-01-24,
1142565735809814951,OOR,7768098535826515629,OOR,appointment_of_board,INFLUENCE,2019-01-24,
1278498051529614357,OOR,786544377660005117,OOR,shareholding 33.3%,INFLUENCE,2009-12-02,2019-07-03
1278498051529614357,OOR,786544377660005117,OOR,voting_rights 33.3%,INFLUENCE,2009-12-02,2019-07-03
9397904403735533298,OOR,786544377660005117,OOR,shareholding 33.3%,INFLUENCE,2009-12-02,2019-07-03
9397904403735533298,OOR,786544377660005117,OOR,voting_rights 33.3%,INFLUENCE,2009-12-02,2019-07-03
8336662960845411280,OOR,786544377660005117,OOR,shareholding 33.3%,INFLUENCE,2009-12-02,2019-07-03
8336662960845411280,OOR,786544377660005117,OOR,voting_rights 33.3%,INFLUENCE,2009-12-02,2019-07-03
287957459314169360,OOR,7990045746855832520,OOR,other_influence_or_control,INFLUENCE,2020-04-14,
11080898759010500830,OOR,7990045746855832520,OOR,other_influence_or_control,INFLUENCE,2020-04-14,2021-02-08
14539919002816935048,OOR,7990045746855832520,OOR,other_influence_or_control,INFLUENCE,2021-03-22,
11318760569640528037,OOR,7990045746855832520,OOR,other_influence_or_control,INFLUENCE,2022-06-01,2022-12-08
14860190858873069604,OOR,7990045746855832520,OOR,other_influence_or_control,INFLUENCE,2016-04-06,2020-04-28
11447518046995452174,OOR,7990045746855832520,OOR,other_influence_or_control,INFLUENCE,2016-04-06,2020-04-28
17181306514177266791,OOR,7990045746855832520,OOR,other_influence_or_control,INFLUENCE,2016-04-06,2019-04-01
3460841525290798642,OOR,7990045746855832520,OOR,other_influence_or_control,INFLUENCE,2023-09-01,
14860190858873069604,OOR,8006068697045959922,OOR,other_influence_or_control,INFLUENCE,2016-04-06,2020-04-28
17181306514177266791,OOR,8006068697045959922,OOR,other_influence_or_control,INFLUENCE,2016-04-06,2019-04-01
11447518046995452174,OOR,8006068697045959922,OOR,other_influence_or_control,INFLUENCE,2016-04-06,2020-04-28
287957459314169360,OOR,8006068697045959922,OOR,other_influence_or_control,INFLUENCE,2020-04-14,
11080898759010500830,OOR,8006068697045959922,OOR,other_influence_or_control,INFLUENCE,2020-04-14,2021-02-08
14539919002816935048,OOR,8006068697045959922,OOR,other_influence_or_control,INFLUENCE,2021-03-22,
11318760569640528037,OOR,8006068697045959922,OOR,other_influence_or_control,INFLUENCE,2022-06-01,2022-12-08
3460841525290798642,OOR,8006068697045959922,OOR,other_influence_or_control,INFLUENCE,2023-09-01,
9280263866238154959,OOR,8034706950599774458,OOR,shareholding 75% 100%,INFLUENCE,2016-04-06,
9280263866238154959,OOR,8034706950599774458,OOR,voting_rights 75% 100%,INFLUENCE,2016-04-06,
9280263866238154959,OOR,8034706950599774458,OOR,appointment_of_board,INFLUENCE,2016-04-06,
11763166186882065506,OOR,8140810471157814796,OOR,shareholding 75% 100%,INFLUENCE,2020-07-19,
11763166186882065506,OOR,8140810471157814796,OOR,voting_rights 75% 100%,INFLUENCE,2020-07-19,
11763166186882065506,OOR,8140810471157814796,OOR,appointment_of_board,INFLUENCE,2020-07-19,
13856702416542646195,OOR,8161026079778481857,OOR,shareholding 100%,INFLUENCE,2022-05-23,
13856702416542646195,OOR,8161026079778481857,OOR,voting_rights 100%,INFLUENCE,2022-05-23,
8000462878426801249,OOR,8560863575925920879,OOR,shareholding 50%,INFLUENCE,2023-06-19,2024-01-11
2649240874962386578,OOR,8560863575925920879,OOR,shareholding 50%,INFLUENCE,2023-06-19,2024-01-11
2649240874962386578,OOR,8560863575925920879,OOR,voting_rights 100%,INFLUENCE,2023-06-19,2024-01-11
11511176422153305146,OOR,880494118585804952,OOR,shareholding 50% 75%,INFLUENCE,2017-06-16,
11511176422153305146,OOR,880494118585804952,OOR,voting_rights 50% 75%,INFLUENCE,2017-06-16,
11511176422153305146,OOR,880494118585804952,OOR,appointment_of_board,INFLUENCE,2017-06-16,
12058447700495462735,OOR,880494118585804952,OOR,shareholding 50% 75%,INFLUENCE,2017-06-02,2017-06-16
12058447700495462735,OOR,880494118585804952,OOR,voting_rights 50% 75%,INFLUENCE,2017-06-02,2017-06-16
12058447700495462735,OOR,880494118585804952,OOR,appointment_of_board,INFLUENCE,2017-06-02,2017-06-16
11080898759010500830,OOR,906807163450198628,OOR,other_influence_or_control,INFLUENCE,2020-04-14,2021-02-08
287957459314169360,OOR,906807163450198628,OOR,other_influence_or_control,INFLUENCE,2020-04-14,
14539919002816935048,OOR,906807163450198628,OOR,other_influence_or_control,INFLUENCE,2021-03-22,
11318760569640528037,OOR,906807163450198628,OOR,other_influence_or_control,INFLUENCE,2022-06-01,2022-12-08
14860190858873069604,OOR,906807163450198628,OOR,other_influence_or_control,INFLUENCE,2016-04-06,2020-04-28
17181306514177266791,OOR,906807163450198628,OOR,other_influence_or_control,INFLUENCE,2016-04-06,2019-04-01
11447518046995452174,OOR,906807163450198628,OOR,other_influence_or_control,INFLUENCE,2016-04-06,2020-04-28
3460841525290798642,OOR,906807163450198628,OOR,other_influence_or_control,INFLUENCE,2023-09-01,
16845748640432210076,OOR,9105741970892662542,OOR,shareholding 25% 50%,INFLUENCE,2018-08-08,
16845748640432210076,OOR,9105741970892662542,OOR,voting_rights 25% 50%,INFLUENCE,2018-08-08,
1493520756170812697,OOR,9105741970892662542,OOR,shareholding 25% 50%,INFLUENCE,2018-08-08,
1493520756170812697,OOR,9105741970892662542,OOR,voting_rights 25% 50%,INFLUENCE,2018-08-08,
5186827002772980860,OOR,9108512411986046569,OOR,shareholding 75% 100%,INFLUENCE,2020-01-03,2022-04-04
5186827002772980860,OOR,9108512411986046569,OOR,voting_rights 75% 100%,INFLUENCE,2020-01-03,2022-04-04
5186827002772980860,OOR,9108512411986046569,OOR,appointment_of_board,INFLUENCE,2020-01-03,2022-04-04
5146719055056379826,OOR,9108512411986046569,OOR,shareholding 25% 50%,INFLUENCE,2022-05-13,2022-11-29
5146719055056379826,OOR,9108512411986046569,OOR,voting_rights 25% 50%,INFLUENCE,2022-05-13,2022-11-29
2039953812640586108,OOR,9108512411986046569,OOR,shareholding 25% 50%,INFLUENCE,2022-04-04,2022-11-29
2039953812640586108,OOR,9108512411986046569,OOR,voting_rights 25% 50%,INFLUENCE,2022-04-04,2022-11-29
8566209714017500522,OOR,9108512411986046569,OOR,shareholding 75% 100%,INFLUENCE,2022-11-29,
8566209714017500522,OOR,9108512411986046569,OOR,voting_rights 75% 100%,INFLUENCE,2022-11-29,
8566209714017500522,OOR,9108512411986046569,OOR,appointment_of_board,INFLUENCE,2022-11-29,
13199565758497144490,OOR,9362418379120911880,OOR,shareholding 75% 100%,INFLUENCE,2016-04-06,2018-05-03
13199565758497144490,OOR,9362418379120911880,OOR,voting_rights 75% 100%,INFLUENCE,2016-04-06,2018-05-03
13199565758497144490,OOR,9362418379120911880,OOR,appointment_of_board,INFLUENCE,2016-04-06,2018-05-03
10241762084875795183,OOR,9362418379120911880,OOR,other_influence_or_control,INFLUENCE,2016-04-06,2018-05-03
1202499527491821780,OOR,9362418379120911880,OOR,other_influence_or_control,INFLUENCE,2018-05-03,
11080898759010500830,OOR,944705691522867512,OOR,other_influence_or_control,INFLUENCE,2020-04-14,2021-02-08
287957459314169360,OOR,944705691522867512,OOR,other_influence_or_control,INFLUENCE,2020-04-14,
14539919002816935048,OOR,944705691522867512,OOR,other_influence_or_control,INFLUENCE,2021-03-22,
11318760569640528037,OOR,944705691522867512,OOR,other_influence_or_control,INFLUENCE,2022-06-01,2022-12-08
11447518046995452174,OOR,944705691522867512,OOR,other_influence_or_control,INFLUENCE,2016-04-06,2020-04-28
17181306514177266791,OOR,944705691522867512,OOR,other_influence_or_control,INFLUENCE,2016-04-06,2019-04-01
14860190858873069604,OOR,944705691522867512,OOR,other_influence_or_control,INFLUENCE,2016-04-06,2020-04-28
3460841525290798642,OOR,944705691522867512,OOR,other_influence_or_control,INFLUENCE,2023-09-01,
10264459789712927869,OOR,966913957987625677,OOR,shareholding 15%,INFLUENCE,2019-12-19,
10264459789712927869,OOR,966913957987625677,OOR,voting_rights 15%,INFLUENCE,2019-12-19,
NK-SKAADAiqiZ78JsJjeg72Te,OPEN-SANCTIONS,NK-25vyVFzt8vdJGgAXMRTwTJ,OPEN-SANCTIONS,Directorship,DIRECTOR,,
NK-3p3mmVWmjwVtTfKchz4kNE,OPEN-SANCTIONS,NK-25vyVFzt8vdJGgAXMRTwTJ,OPEN-SANCTIONS,Directorship,DIRECTOR,,
Q447250,OPEN-SANCTIONS,NK-dNNN56A4ApVfUFvfzniLCF,OPEN-SANCTIONS,Family,FAMILY,,
NK-FErgmQytnHoDA9f2Tri88u,OPEN-SANCTIONS,NK-g7R2tAwDJhTVB2wSuNNNsK,OPEN-SANCTIONS,Public contracts/Customer,CUSTOMER,,
rupep-company-9767,OPEN-SANCTIONS,NK-g7R2tAwDJhTVB2wSuNNNsK,OPEN-SANCTIONS,Controlled by,INFLUENCE,,
NK-6buiRsQBLAfzYAaPjQQ3qp,OPEN-SANCTIONS,NK-g7R2tAwDJhTVB2wSuNNNsK,OPEN-SANCTIONS,Controlled by,INFLUENCE,,
rupep-company-9769,OPEN-SANCTIONS,NK-g7R2tAwDJhTVB2wSuNNNsK,OPEN-SANCTIONS,Controlled by,INFLUENCE,,
Q447250,OPEN-SANCTIONS,NK-iKcDmQYjDRGhGTQuauYqso,OPEN-SANCTIONS,Family,FAMILY,,
Q447250,OPEN-SANCTIONS,NK-L2UmsZtsyvYiaEmHSaiZ2t,OPEN-SANCTIONS,Family,FAMILY,,
NK-npG9h39x4hGXufb6EyRioj,OPEN-SANCTIONS,NK-L2UmsZtsyvYiaEmHSaiZ2t,OPEN-SANCTIONS,Owned or Controlled By,INFLUENCE,,
NK-PnaeGM64BRJZrpggExaBbS,OPEN-SANCTIONS,NK-L2UmsZtsyvYiaEmHSaiZ2t,OPEN-SANCTIONS,Owned or Controlled By,INFLUENCE,,
NK-XTvg4RXzmHDaxX8TGcBUdo,OPEN-SANCTIONS,NK-L2UmsZtsyvYiaEmHSaiZ2t,OPEN-SANCTIONS,Owned or Controlled By,INFLUENCE,,
NK-93xJnwR6G4JBpVQK3UTYva,OPEN-SANCTIONS,NK-L2UmsZtsyvYiaEmHSaiZ2t,OPEN-SANCTIONS,Owned or Controlled By,INFLUENCE,,
Q18952564,OPEN-SANCTIONS,Q335125,OPEN-SANCTIONS,Occupancy,DIRECTOR,,
Q6307701,OPEN-SANCTIONS,Q335125,OPEN-SANCTIONS,Family,FAMILY,,
oc-companies-gb-12385537,OPEN-SANCTIONS,Q4342439,OPEN-SANCTIONS,Ownership of shares 25 to 50 percent,INFLUENCE,,
NK-jLpiuctdacWDT5aBRHD8pX,OPEN-SANCTIONS,Q4342439,OPEN-SANCTIONS,Ownership of shares 25 to 50 percent,INFLUENCE,,
wd-4b7b98fbd9c867ee11a40361b441af51ccaa8191,OPEN-SANCTIONS,Q4342439,OPEN-SANCTIONS,Occupancy,DIRECTOR,,
Q4516946,OPEN-SANCTIONS,Q4342439,OPEN-SANCTIONS,Occupancy,DIRECTOR,,
Q447250,OPEN-SANCTIONS,Q44155839,OPEN-SANCTIONS,Family,FAMILY,,
ru-inn-7718926376,OPEN-SANCTIONS,Q44155839,OPEN-SANCTIONS,УчрФЛ,INFLUENCE,,
ru-inn-7723779825,OPEN-SANCTIONS,Q44155839,OPEN-SANCTIONS,УчрФЛ,INFLUENCE,,
ru-inn-7704734184,OPEN-SANCTIONS,Q44155839,OPEN-SANCTIONS,УчрФЛ,INFLUENCE,,
ru-inn-7719840749,OPEN-SANCTIONS,Q44155839,OPEN-SANCTIONS,УчрФЛ,INFLUENCE,,
ru-inn-7723779582,OPEN-SANCTIONS,Q447250,OPEN-SANCTIONS,УчрФЛ,INFLUENCE,,
wd-ead583ccc3f41186e32bc45cb34befd8c67ee2b1,OPEN-SANCTIONS,Q447250,OPEN-SANCTIONS,Occupancy,DIRECTOR,,
Q4516946,OPEN-SANCTIONS,Q447250,OPEN-SANCTIONS,Occupancy,DIRECTOR,,
Q17276321,OPEN-SANCTIONS,Q447250,OPEN-SANCTIONS,Occupancy,DIRECTOR,,
NK-6buiRsQBLAfzYAaPjQQ3qp,OPEN-SANCTIONS,ru-inn-7719840749,OPEN-SANCTIONS,УчрЮЛРос,INFLUENCE,,
ru-inn-7723779825,OPEN-SANCTIONS,ru-inn-7719840749,OPEN-SANCTIONS,УчрЮЛРос,INFLUENCE,,
NK-9B39GPUQmAFoUSW5iErBUZ,OPEN-SANCTIONS,ru-inn-772804231301,OPEN-SANCTIONS,УчрФЛ,INFLUENCE,,
NK-iL265inXW58VtmDDbVN9rh,OPEN-SANCTIONS,ru-inn-772804231301,OPEN-SANCTIONS,УчрФЛ,INFLUENCE,,
NK-DfD8jpyBFibZcpaD5MaXu6,OPEN-SANCTIONS,ru-inn-772804231301,OPEN-SANCTIONS,УчрФЛ,INFLUENCE,,
NK-YHokGiYiyZujXc9MRvCexp,OPEN-SANCTIONS,ru-inn-772804231301,OPEN-SANCTIONS,УчрФЛ,INFLUENCE,,
NK-iCkHXpad8p5PmWUSbtafgY,OPEN-SANCTIONS,ru-inn-772804231301,OPEN-SANCTIONS,УчрФЛ,INFLUENCE,,
NK-7zsEQVPFmpkBaBWXBTVXbe,OPEN-SANCTIONS,ru-inn-772804231301,OPEN-SANCTIONS,УчрФЛ,INFLUENCE,,
rupep-company-9769,OPEN-SANCTIONS,rupep-company-9767,OPEN-SANCTIONS,Controlled by,INFLUENCE,,
rupep-company-9771,OPEN-SANCTIONS,rupep-company-9767,OPEN-SANCTIONS,Controlled by,INFLUENCE,,
